<?xml version="1.0" encoding="utf-8" ?>
<dwsync>
<file name="style.css" server="ftp.ict-lab.nl/public_html/" local="131732814400000000" remote="131732742000000000" Dst="2" />
<file name="index.html" server="ftp.ict-lab.nl/public_html/" local="131732811980000000" remote="131732739600000000" Dst="2" />
<file name="ledentoevoegen.php" server="ftp.ict-lab.nl/public_html/" local="131732812260000000" remote="131732740200000000" Dst="2" />
<file name="ledenuitlezen.php" server="ftp.ict-lab.nl/public_html/" local="131732812380000000" remote="131732740200000000" Dst="2" />
<file name="ledentoevoegen_verwerk.php" server="ftp.ict-lab.nl/public_html/" local="131732812500000000" remote="131732740200000000" Dst="2" />
<file name="inlog_verwerk.php" server="ftp.ict-lab.nl/public_html/" local="131732813540000000" remote="131732741400000000" Dst="2" />
<file name="inlog.php" server="ftp.ict-lab.nl/public_html/" local="131732813660000000" remote="131732741400000000" Dst="2" />
<file name="dbVEIPRO.sql" server="ftp.ict-lab.nl/public_html/" local="131732807500000000" remote="131732735400000000" Dst="2" />
</dwsync>